,model,Ratio,Replace,dataset,Accuracy,F1 Prefix,F1 random,Recall Prefix,Recall random,Precision Prefix,Precision random,Train Loss 0,Train Loss 1,Train Loss 2,Train Loss 3,Train Loss 4,Train Loss 5,Train Loss 6,Train Loss 7,Train Loss 8,Train Loss 9,Train Loss 10,Train Loss 11,Train Loss 12,Train Loss 13,Train Loss 14,Val Loss 0,Val Loss 1,Val Loss 2,Val Loss 3,Val Loss 4,Val Loss 5,Val Loss 6,Val Loss 7,Val Loss 8,Val Loss 9,Val Loss 10,Val Loss 11,Val Loss 12,Val Loss 13,Val Loss 14,test Accuracy 0,test Accuracy 1,test Accuracy 2,test Accuracy 3,test Accuracy 4,test Accuracy 5,test Accuracy 6,test Accuracy 7,test Accuracy 8,test Accuracy 9,test Accuracy 10,test Accuracy 11,test Accuracy 12,test Accuracy 13,test Accuracy 14,train Accuracy 0,train Accuracy 1,train Accuracy 2,train Accuracy 3,train Accuracy 4,train Accuracy 5,train Accuracy 6,train Accuracy 7,train Accuracy 8,train Accuracy 9,train Accuracy 10,train Accuracy 11,train Accuracy 12,train Accuracy 13,train Accuracy 14
0,euclidean,0.25,0.1,10,0.9914000000000001,0.9940441513705894,0.982752371174192,0.9999774279103888,0.9661686846689507,0.9881831856927962,0.9999338952239298,0.5288180400337334,0.26790412857231716,0.13776958440551187,0.09602483627955528,0.0761586777670826,0.06456324644372967,0.05712204239681289,0.05211658254991435,0.04908201910517416,0.04659213425077631,0.0449915097181909,0.04375935952878699,0.04290344437276073,0.042427879088842775,0.04172192112746841,0.39739964113632836,0.16974353956120705,0.1052485623999188,0.0780414356300607,0.06331413578893984,0.0549800071449329,0.048753495804810226,0.04309769915829318,0.039049774217574496,0.03945483245855814,0.03894272572205707,0.036135178200396044,0.03592306301866963,0.033256856143629755,0.033353741328134935,0.8050185185185186,0.9596261574074074,0.9753368055555555,0.9811122685185185,0.9853483796296296,0.9887256944444445,0.9893530092592593,0.9898981481481481,0.9908425925925926,0.990087962962963,0.9891331018518519,0.9906180555555556,0.9906666666666666,0.9911215277777778,0.9910277777777777,0.8010291666666667,0.9590666666666666,0.974875,0.9806958333333333,0.9849208333333334,0.9887208333333334,0.9895958333333332,0.9897875,0.9908416666666666,0.9901875,0.9892583333333334,0.9906583333333334,0.9908041666666667,0.9913208333333333,0.9911458333333333
1,euclidean,0.25,0.3,10,0.9905666666666666,0.9934955195188974,0.9816507487704975,1.0,0.9640297951888367,0.9870846640892027,1.0,0.5102730512745954,0.23638944611174084,0.12681402297897468,0.08931000051535316,0.07117026875616496,0.06041277952418073,0.053252400083460855,0.0487810621508828,0.04542078406117093,0.0435625806905898,0.041728161694048596,0.04079919141369621,0.03961825548659755,0.03918062201754133,0.03857426864688693,0.357951548020045,0.16444781551820534,0.10465076975151892,0.08033637780665105,0.06709783336504668,0.058453196032127945,0.05186683426308441,0.0501073401770554,0.04831269310500157,0.046053895078793435,0.045867102568154176,0.042731309616006866,0.04293360566433204,0.04196322795387819,0.04308922594471364,0.8395069444444444,0.961775462962963,0.9792314814814814,0.9849363425925926,0.9871712962962963,0.989207175925926,0.9907824074074073,0.9910231481481482,0.9904756944444445,0.9914201388888889,0.99153125,0.9922025462962962,0.9916342592592592,0.9922905092592592,0.9913703703703703,0.8354666666666667,0.9613833333333334,0.9788791666666667,0.9842666666666666,0.9863916666666667,0.9880416666666666,0.9898333333333333,0.9899749999999999,0.9896625,0.990425,0.9904833333333334,0.9913124999999999,0.9907458333333333,0.9913208333333333,0.9903958333333333
2,euclidean,0.25,0.5,10,0.7833666666666667,0.8665197878322239,0.41719423121078775,0.8055901185160455,0.6454079813240106,0.9385552218885552,0.319740777666999,0.5705571854655389,0.5503415223172418,0.5253695561157332,0.5002212960653835,0.48458889839384284,0.4761823331123149,0.47066267115429594,0.4673079041518547,0.46395546128518045,0.45960944360770556,0.4556174975468052,0.45144350233287717,0.4470326969148936,0.441948743680561,0.4364538916559131,0.5467443228761355,0.5276587165395419,0.5004867992003759,0.4800422550688187,0.46898575841883816,0.462836345265309,0.4565871733278036,0.4534916089723507,0.45220192946493626,0.44791961915294326,0.44301915281514326,0.4401432371288538,0.4390585173467795,0.4313709240108728,0.425544053102533,0.7517881944444444,0.7519340277777778,0.7562662037037037,0.7654328703703703,0.7708483796296297,0.7746041666666666,0.777943287037037,0.7791122685185186,0.7788888888888889,0.7806527777777778,0.7816122685185185,0.7818043981481482,0.7802511574074075,0.7836469907407407,0.7851516203703705,0.74925,0.7493083333333334,0.7530666666666667,0.763125,0.7693166666666666,0.7736791666666666,0.7775875,0.7783666666666667,0.7780958333333333,0.7798083333333333,0.7802375,0.7802375,0.7799375000000001,0.7821583333333333,0.7833875
3,euclidean,0.25,0.7,10,0.7805333333333333,0.8630809772331799,0.43947492763736346,0.8087345027556397,0.6240069647449391,0.9262486064659978,0.3488778877887789,0.5724865249649242,0.5513954093721177,0.5254455996553103,0.49948247031481174,0.48427554447121085,0.4763105690407532,0.4718663022959674,0.4682419367504341,0.4652520507458183,0.46250316686321186,0.4585320599631027,0.45348610078571017,0.44805007753162474,0.44181819768581126,0.4357003276883452,0.5647690800627072,0.5430385621289412,0.5120406663517157,0.49122598829865455,0.4806009406298399,0.474408392354846,0.4715012497206529,0.4670331749717394,0.46611291778087616,0.4635416945715745,0.4587680850774049,0.45473221633334954,0.44635107943912344,0.44085215550661083,0.43580480237305164,0.7504317129629628,0.7506053240740741,0.7543796296296297,0.7640717592592593,0.7699305555555556,0.7731828703703704,0.7737696759259259,0.7755902777777778,0.7764722222222222,0.7764386574074074,0.7779641203703703,0.7777291666666667,0.780568287037037,0.7816724537037038,0.7828946759259259,0.7475166666666666,0.7476791666666667,0.7514625,0.76305,0.7688208333333333,0.7723,0.7728916666666666,0.774925,0.7748416666666667,0.7750625,0.7762791666666666,0.7759208333333334,0.7790583333333333,0.7795500000000001,0.7804625000000001
4,euclidean,0.5,0.1,10,0.9938333333333333,0.9940698447933072,0.993807571055467,1.0,0.987706942743219,0.9882248137350178,1.0,0.6125744163123545,0.2490251087652588,0.13566444673161537,0.10282232733236414,0.08575773861281637,0.07496196647088418,0.06779954629932973,0.06253484412822523,0.05650630206733731,0.04859411641531964,0.042120730505967284,0.03808515892396849,0.03606467908804508,0.0347476217438061,0.0338234721212863,0.40460192951560014,0.1695982364614804,0.11812649582202232,0.09597375437306857,0.08328359274286772,0.0749806592026725,0.06906237601970007,0.06445964190852824,0.057229781380776897,0.050981490810712134,0.044717337549275975,0.04378690920952548,0.04239739330473817,0.040606071024900256,0.040765755939607774,0.8571041666666667,0.9474884259259259,0.9609849537037037,0.9669074074074074,0.9728020833333333,0.9766736111111112,0.9804953703703704,0.9813090277777777,0.986287037037037,0.9903483796296296,0.9926863425925926,0.9928692129629629,0.9929710648148149,0.9939467592592592,0.9937233796296296,0.8537374999999999,0.9473625,0.9600708333333333,0.9664708333333334,0.9724916666666666,0.976725,0.9804208333333333,0.9812708333333333,0.9860749999999999,0.99025,0.992825,0.9931375,0.9929541666666667,0.9940125,0.9939416666666666
5,euclidean,0.5,0.3,10,0.9945,0.994445855292393,0.9946180722875267,1.0,0.9892966329373004,0.9889562289562289,1.0,0.5976658589177661,0.2323662024788834,0.12461447753522678,0.08857311852710939,0.0703387474659485,0.05878043026166653,0.05119602297080883,0.045811623295113665,0.04197516137070052,0.03963780928997284,0.037761340469302976,0.03639673928134311,0.035376039670405146,0.03468298923608593,0.03400802329048957,0.3665835694372654,0.15485838689282533,0.09910364703771964,0.07285572176364556,0.06083143209169304,0.051386641514332296,0.04393754935947554,0.039906909199353885,0.03769034224298468,0.03613728139642622,0.03417802397542007,0.03299952955249072,0.033117373202694526,0.031917916894114225,0.031179604534758206,0.8860046296296297,0.9526226851851852,0.970912037037037,0.9772824074074075,0.982943287037037,0.9868368055555555,0.9904791666666667,0.9917407407407407,0.9930034722222222,0.9929340277777778,0.9934930555555556,0.9935358796296295,0.9940844907407408,0.9939317129629629,0.9939826388888889,0.8906208333333333,0.9580041666666667,0.9747916666666666,0.9802083333333333,0.9849958333333333,0.9883458333333334,0.9913583333333332,0.9925083333333333,0.9936291666666667,0.9935125,0.9940874999999999,0.9941375000000001,0.9945458333333334,0.9944624999999999,0.9945333333333334
6,euclidean,0.5,0.5,10,0.7887000000000001,0.7731123868254328,0.7995373508122157,0.8507580286430698,0.7560025369007547,0.7189117008846604,0.8583042103511399,0.6999778694819521,0.6687973456415864,0.6315123645056177,0.5999834345225935,0.5801253560185432,0.5707167892952759,0.5661790476021943,0.5609489505346175,0.5538215800446493,0.544722383796065,0.5342691781785753,0.5221857570862328,0.5089173312606634,0.4949541874207832,0.48022786860112787,0.6839984107414881,0.6478936237692833,0.6087177299261093,0.582262289027373,0.5666618591646354,0.5583935125768185,0.554251447747151,0.5476882752180099,0.5400751754939556,0.5311080612341563,0.5187774762709936,0.5054847440918286,0.4941496298313141,0.4840598893165588,0.4696662331819534,0.5510833333333333,0.6263472222222222,0.6663530092592592,0.6842488425925927,0.6915694444444445,0.6951412037037037,0.6980891203703704,0.7031840277777778,0.7110856481481481,0.7178252314814816,0.7321122685185185,0.7447361111111112,0.7604421296296296,0.7707453703703704,0.7851145833333334,0.5479166666666667,0.6279583333333334,0.6697666666666666,0.6880375,0.6952,0.6989208333333333,0.7005,0.707075,0.7132875,0.7206499999999999,0.7345416666666666,0.7469333333333333,0.7633333333333333,0.7733083333333333,0.7887125
7,euclidean,0.5,0.7,10,0.8237333333333333,0.8041000564639167,0.8388286758132166,0.9033959653679366,0.7758644756551956,0.7284857697829575,0.9164240480302657,0.6999836837671422,0.6681588152183426,0.6233888540389361,0.5905197713231599,0.5734428705495817,0.5644239556690057,0.556572178443273,0.5474336263427028,0.536571136665565,0.5237916790379419,0.5100594759771118,0.49424176911016304,0.477552635886051,0.46273095850646495,0.4485944418774711,0.685069986999035,0.6455432667235533,0.5985527711013954,0.5730074026783307,0.5607568510870139,0.5527363485495249,0.5438128486971061,0.5364224495192368,0.5235359664559364,0.5142959494888782,0.4975606394807498,0.48454398607710997,0.4654258208771546,0.45308095505833623,0.43548211406668025,0.5496539351851852,0.6304664351851852,0.6763391203703704,0.6905717592592592,0.6975370370370371,0.7025752314814814,0.7095439814814815,0.7164780092592592,0.7292395833333334,0.7378981481481481,0.7580462962962963,0.7699548611111111,0.7920949074074074,0.8047569444444445,0.8232766203703703,0.5442333333333332,0.6266833333333334,0.6734333333333333,0.6879583333333333,0.6936333333333333,0.6985541666666666,0.7058583333333334,0.7131791666666667,0.7262000000000001,0.7341291666666667,0.7559416666666666,0.7673291666666666,0.7897166666666667,0.804475,0.8237
8,euclidean,0.25,0.1,30,0.9991333333333333,0.9994268961245758,0.9983237698852633,1.0,0.9966562224406367,0.9988548125803028,1.0,0.4348859912681358,0.10870374991220452,0.04332636861264252,0.025250369865852534,0.017000630802028602,0.012646640489730488,0.009755843421312473,0.007924261739249627,0.006725451219173717,0.005571971352286774,0.00505103695372858,0.004520996275537357,0.003912311376357257,0.0034019959415793736,0.003206344065301183,0.20257875720411533,0.058803192641586025,0.03075755587685848,0.02058570008239859,0.014097486433126756,0.010978598448302313,0.008631742146753777,0.007287252062301017,0.008222737703246772,0.006262776349826354,0.0058328925523236964,0.004297415498613147,0.00476304143946067,0.004101198361346737,0.0032541670263477665,0.9581550925925926,0.9917812500000001,0.9949201388888889,0.9965613425925925,0.9971354166666667,0.9975196759259259,0.998380787037037,0.9984189814814814,0.9985856481481482,0.9989606481481481,0.9986157407407408,0.9992893518518519,0.9991238425925926,0.9991875,0.9994733796296296,0.9573750000000001,0.9918625,0.9950625,0.9965416666666667,0.9971833333333334,0.9974333333333334,0.998225,0.9983375,0.9984125,0.9987583333333333,0.9984375,0.999025,0.9988916666666667,0.9989833333333333,0.9991458333333334
9,euclidean,0.25,0.3,30,0.9531,0.9688506967409075,0.9050024583573133,0.9688819673002491,0.9089314862973018,0.9692226657795521,0.9044265593561368,0.5246119690708541,0.33856602241264444,0.25058935028328383,0.20929057341344928,0.18312018049239281,0.16486086317329424,0.15117998413110356,0.1411630403093683,0.13250252949711172,0.12547460644085093,0.11889015198475678,0.11418454438196148,0.10940985704219845,0.10597266368640376,0.1017783731011225,0.4186936750610669,0.28034583030889426,0.2307911049102743,0.19516675605562822,0.17532245232164856,0.16002720348040259,0.14951085457267857,0.13983614315589266,0.13296211136877534,0.1244146414295149,0.11840239059630159,0.1133534539462222,0.11201213709738413,0.10669136307147947,0.10696128527230268,0.8017986111111112,0.8896122685185185,0.9080231481481481,0.9213009259259259,0.9289490740740741,0.9350266203703704,0.939226851851852,0.9434560185185185,0.9460023148148148,0.9501284722222222,0.9524432870370371,0.9550462962962963,0.9557245370370371,0.9581145833333333,0.9577476851851852,0.7996958333333333,0.8865125,0.9034625,0.9176875,0.9243916666666666,0.9314,0.9341291666666667,0.9392958333333333,0.9416416666666667,0.9458249999999999,0.9481875,0.950775,0.9508,0.9532666666666666,0.9531208333333333
10,euclidean,0.25,0.5,30,0.8384999999999999,0.8962416520787774,0.6328385914738942,0.864689199650687,0.7358803933542101,0.930947216196674,0.5623318385650224,0.5655727871446697,0.5299811402945607,0.49724424931296596,0.47324827810790804,0.45451212941827596,0.4379249211163432,0.42376012602365676,0.41094690164206205,0.3998129480751576,0.3895684000852483,0.3802551735060082,0.37195283774120935,0.3650632252326166,0.3595757328001437,0.35500781065253195,0.5481769225696722,0.5139358472079039,0.4877639545450608,0.4675093081196149,0.44990738162398336,0.4344477844710151,0.421893286605676,0.4098507653872172,0.39965320254613956,0.3894129624937971,0.3816256799946228,0.37140424574166536,0.3662602080106735,0.36533171916007995,0.357789319353799,0.7532569444444445,0.7587280092592593,0.7730266203703704,0.7854675925925926,0.7952071759259259,0.8036087962962963,0.8097118055555556,0.8160335648148148,0.8213020833333334,0.8257847222222222,0.8295960648148148,0.8351261574074074,0.8378032407407408,0.8384965277777778,0.8418344907407408,0.7492291666666666,0.7539041666666667,0.7682458333333333,0.7807041666666666,0.7910541666666667,0.7999833333333334,0.8066375,0.8122875,0.8173166666666667,0.8224250000000001,0.8264166666666667,0.8314666666666667,0.8339958333333333,0.8348333333333334,0.8384708333333334
11,euclidean,0.25,0.7,30,0.7728333333333334,0.8619057220290406,0.3443065399508417,0.7954329511571772,0.6039424342345183,0.9420383573757807,0.25430844760453697,0.5722859273276947,0.5569431657371697,0.5473113227872937,0.5370750639549009,0.5280416216000362,0.5208724040538073,0.5148914770842702,0.5093730761265313,0.5041053446487144,0.4991950604755569,0.4943337773962153,0.4898936842757243,0.4859518359320031,0.48195802782420755,0.4785105867275485,0.561868106285731,0.5547132192055384,0.5458269713123639,0.5373007171154022,0.5297807291696469,0.5253038931787014,0.5192225080827871,0.5131670841276645,0.5084502557963133,0.5053311337679625,0.5014372740437587,0.49629705387850603,0.4934776259760062,0.4897470712910096,0.4866729435722033,0.7503240740740741,0.7503842592592593,0.75090625,0.7523414351851851,0.7545636574074074,0.7576053240740741,0.7601296296296296,0.7618877314814815,0.764806712962963,0.7666944444444445,0.768144675925926,0.7708333333333334,0.7721504629629631,0.7737372685185185,0.7749108796296297,0.7538750000000001,0.7539041666666667,0.7543375,0.7549125,0.7565666666666666,0.75895,0.7602708333333333,0.7623708333333333,0.7639041666666666,0.7653291666666667,0.7674291666666666,0.7695875,0.7704166666666666,0.772275,0.7727708333333333
12,euclidean,0.5,0.1,30,0.9922333333333333,0.9924472466244154,0.9918171286872172,0.9925401978973408,0.991829363043012,0.9924129968662379,0.9918729998315647,0.4990546279218462,0.12146378926736195,0.05888662307667196,0.04075537417361215,0.03244006120595059,0.027681690509842777,0.024782867560035907,0.022973634637234674,0.021528945035792623,0.020634774969099736,0.019698023469703053,0.019141401721356265,0.0186059423226376,0.01818979354873397,0.017822925005576497,0.21017506867895522,0.07725671821863697,0.0494698953760477,0.03696729045663955,0.0324922141237184,0.028373906737484453,0.025997114063599492,0.024457136951105553,0.02341565570197896,0.02188729004173846,0.022552645849335574,0.022185635978545108,0.021412591736410785,0.020844130081975838,0.020260642808216853,0.9516030092592592,0.9809074074074075,0.9853240740740741,0.9883784722222223,0.9899189814814815,0.9904201388888888,0.9910844907407408,0.9915636574074074,0.9917604166666667,0.9920833333333333,0.9922662037037037,0.9922199074074075,0.9923067129629629,0.9924884259259259,0.9928125,0.9506541666666667,0.9802916666666667,0.9849208333333334,0.9878,0.9892500000000001,0.98975,0.99035,0.9908750000000001,0.9912458333333334,0.9913375,0.9913500000000001,0.991425,0.9915166666666667,0.9916791666666668,0.9921458333333334
13,euclidean,0.5,0.3,30,0.9472,0.9466912145086882,0.947696809616446,0.9603310283043608,0.9354939957057401,0.9338973210583064,0.9606631499623209,0.6128987333752491,0.377103035983664,0.29094462853987463,0.2519331868473026,0.22725005452914368,0.20713908053586186,0.19203475890039565,0.1798793120185534,0.17009829162561366,0.16122276120731188,0.1533073841292514,0.1462810036012109,0.14048435490823313,0.1347242950627028,0.12918919873084972,0.4668068127632141,0.3262091903835535,0.27661200461039936,0.24444152239585915,0.22566785450776417,0.20818248914740975,0.19581513713300225,0.1863354901761437,0.17296762002104268,0.16379357814416284,0.15666266880712157,0.1553052776623517,0.14652146731472263,0.13910673333300896,0.1354857429048667,0.7977303240740741,0.8630266203703704,0.8855416666666667,0.8997766203703704,0.9089328703703703,0.9163113425925926,0.9216608796296296,0.9272013888888889,0.9325775462962963,0.9369826388888889,0.9407928240740742,0.9414305555555555,0.9448854166666667,0.9483194444444444,0.9501342592592592,0.7929708333333333,0.8593416666666667,0.8829499999999999,0.8967583333333333,0.9060916666666666,0.913575,0.918125,0.9241458333333333,0.9290916666666666,0.9336749999999999,0.9372375000000001,0.9384583333333333,0.941775,0.9454208333333334,0.9472166666666666
14,euclidean,0.5,0.5,30,0.8148666666666666,0.81548190658008,0.8139051351115787,0.8208435118980343,0.8130073461695448,0.8126897238118935,0.8172737168215691,0.6933153803701754,0.6370878748496374,0.5917177004505088,0.5596661786845437,0.5330403450859917,0.5076232166941519,0.4829379106191573,0.462907438400167,0.44959097482705557,0.4405890081613152,0.4323414983724554,0.42485398539845587,0.4186610660812369,0.4138633921827983,0.40958498417806843,0.6634302970568339,0.6087720158795515,0.5727544807593028,0.5405529292523862,0.5142773957798878,0.48928014365832007,0.46310858012239137,0.44666337394714356,0.4355793755749861,0.4262541614125172,0.4175648878117402,0.40980420292913916,0.4074814689556757,0.40008988351374863,0.3956103909040491,0.5997812499999999,0.6678576388888888,0.6990694444444444,0.7245833333333334,0.7433159722222222,0.7602627314814814,0.7756215277777778,0.7842465277777778,0.7902210648148148,0.7953888888888889,0.8007986111111111,0.8044479166666666,0.8065648148148148,0.8105243055555555,0.813394675925926,0.5966708333333333,0.6640708333333334,0.6961625,0.7214875000000001,0.7403208333333333,0.7590333333333333,0.7760083333333333,0.7853333333333333,0.7918458333333334,0.7975791666666667,0.8019541666666666,0.8065583333333334,0.8080583333333333,0.8121125,0.8149708333333333
15,euclidean,0.5,0.7,30,0.6883666666666667,0.6777504011645531,0.6963237488626703,0.6924707814485405,0.6895177235677541,0.6684103605891315,0.7078040374199901,0.700778093315937,0.6821020410877686,0.6671265138233149,0.6539056916788772,0.6433854432348852,0.6342514655678361,0.6260131365999028,0.6185657499123504,0.6115172469450367,0.6053117021686502,0.5995516648149048,0.5933227003205706,0.5870359292626381,0.5812289555105897,0.5760814927407989,0.690022344926993,0.6793263512253761,0.6678372201522191,0.6567823716203371,0.6484899477163951,0.6430782848099867,0.6354607892533143,0.6298723274072011,0.6225443578461806,0.616247260560592,0.6100345232884089,0.6044502191940944,0.5971742419699828,0.5930729753772418,0.585491171747446,0.5361030092592592,0.5781550925925926,0.6057013888888889,0.6243738425925927,0.6378275462962963,0.6448518518518519,0.6540960648148147,0.6601238425925925,0.6677858796296297,0.6732476851851852,0.6798240740740741,0.6848252314814814,0.6906701388888888,0.6936585648148148,0.7006400462962963,0.5301333333333333,0.5679208333333333,0.5940833333333334,0.6104541666666666,0.6232624999999999,0.6293833333333333,0.6401625000000001,0.6463125000000001,0.6537916666666667,0.6595958333333333,0.6670291666666667,0.6727041666666668,0.6788916666666667,0.6818541666666668,0.6884125
16,euclidean,0.25,0.1,50,0.9736999999999999,0.9824371011716102,0.9474085428309348,0.981607235495341,0.9502811134080957,0.9833221925133689,0.9450231481481481,0.47927513093528923,0.24521852191606602,0.17413966616550114,0.14269158920400807,0.1227485929743421,0.10839451656135277,0.09807858508055663,0.089832701997217,0.08288351654633984,0.07703062985427954,0.07281827892774292,0.0686891283339635,0.06534963417255114,0.06238328768323436,0.05954681721888478,0.31727640633533394,0.19290195972099897,0.15411994418253497,0.1310522326029216,0.11500990434565267,0.10671262443050118,0.09407630826365974,0.0860775956542153,0.08101146370979642,0.0762156385382598,0.07391012316387298,0.06982017635859662,0.06687488109325443,0.06266027869872046,0.05898329189364444,0.8629988425925925,0.925625,0.9395046296296297,0.94803125,0.9547650462962963,0.9579722222222222,0.9636608796296297,0.9668888888888889,0.9687407407407407,0.9712094907407407,0.9722951388888889,0.9742777777777777,0.9752523148148149,0.9770509259259259,0.9790185185185186,0.8601541666666667,0.9225291666666667,0.9360333333333333,0.9442541666666667,0.9503,0.9537541666666667,0.9592708333333333,0.9622375000000001,0.9641416666666667,0.9664874999999999,0.9673291666666667,0.9692500000000001,0.9703,0.9715541666666667,0.9736708333333334
17,euclidean,0.25,0.3,50,0.9262,0.9509621535616187,0.8510658224940175,0.950054715644378,0.8571240190964609,0.9521972845663619,0.8476742233417297,0.5368772463241108,0.4152633920753443,0.35088543162356917,0.3164171952470033,0.2916441455639347,0.27154041110751803,0.25524848781843423,0.2413393500414849,0.22932267945094237,0.21734609123822987,0.20600323612215338,0.1959308027560236,0.18667775768748723,0.1786901661874726,0.1721750292501205,0.48016896824042,0.3869089836676915,0.34723373434940974,0.3192720624779661,0.2956617723765472,0.2826011258463064,0.26362096174185473,0.25028133818010484,0.23939484151825308,0.22640229955998556,0.21754259855238098,0.20528547463814414,0.19357984653208402,0.1904106645970605,0.17900725046452132,0.775462962962963,0.8340497685185185,0.8563703703703704,0.8702303240740741,0.8819583333333333,0.8882905092592593,0.8967083333333333,0.9031377314814815,0.9074641203703704,0.9135451388888889,0.9174872685185186,0.9222453703703705,0.9269733796296297,0.9284583333333333,0.9326296296296296,0.7718708333333333,0.8290458333333334,0.8503291666666667,0.864525,0.8755124999999999,0.8810291666666666,0.8902833333333333,0.896075,0.9004916666666667,0.9066833333333334,0.9111458333333334,0.9157458333333334,0.9208583333333333,0.921825,0.9262625
18,euclidean,0.25,0.5,50,0.8447999999999999,0.900096610324922,0.6489042707600503,0.8748040474636524,0.7356722102188443,0.9280902604944417,0.5903868896773103,0.5625527149173948,0.5137753305666977,0.47934711963324633,0.4562199873736611,0.43974871947202415,0.4261083363117995,0.4144541999995708,0.40430254719820286,0.39527678271383043,0.3870377524241253,0.37908935039131725,0.371311496231567,0.3630062917087365,0.3558767664639486,0.3484983895834949,0.538064445545276,0.4960507189929485,0.469956686074535,0.4540524697750807,0.439166711995999,0.4262953737477461,0.4151430693566799,0.4073135660042365,0.3992038321296374,0.39050380491216974,0.38812005938341215,0.3790637767141064,0.3694165746197104,0.3621793561975161,0.3553756972899039,0.750744212962963,0.76709375,0.7812418981481482,0.7923946759259259,0.8022245370370371,0.8093958333333333,0.816224537037037,0.8211296296296297,0.8252777777777778,0.8306134259259259,0.8312696759259259,0.8358981481481481,0.8414722222222222,0.8449131944444445,0.8485243055555556,0.754175,0.769325,0.7828958333333333,0.791875,0.7998125,0.8069624999999999,0.813675,0.8184583333333334,0.8220708333333333,0.8263541666666666,0.8263874999999999,0.8322875,0.8380208333333333,0.8419291666666666,0.8448041666666667
19,euclidean,0.25,0.7,50,0.7541,0.854168830712266,0.2092871022512275,0.7661219649044362,0.5760947399526045,0.9654995253252918,0.13267684227802393,0.5710732647875945,0.5549647187822395,0.5475884297821256,0.5397827674012493,0.5336457067441057,0.5287643045192516,0.5245447279557034,0.5206812752501832,0.5174379762764331,0.5145327723456753,0.5120271202717667,0.5098436012135612,0.5077564141435755,0.5059397092080778,0.5039958110457217,0.5486792304317156,0.5433924297789733,0.5380499319434165,0.5324273342788219,0.5278623883823553,0.5229248888790607,0.5206707888493936,0.5199845680892468,0.5148169586906831,0.5124246263752381,0.5109389852434396,0.5104266280730566,0.5093944056977828,0.5062645985583464,0.5036842693785827,0.7527291666666667,0.752761574074074,0.7531770833333333,0.7535706018518519,0.7545590277777777,0.7556574074074074,0.756931712962963,0.7574351851851852,0.7597800925925926,0.7606446759259259,0.7613738425925926,0.7621608796296296,0.7628553240740741,0.7639965277777778,0.7651180555555556,0.7461375,0.7461458333333334,0.7460666666666668,0.7463416666666667,0.7467208333333333,0.7475416666666667,0.7484999999999999,0.7484916666666667,0.7497958333333333,0.7508625,0.7516999999999999,0.7512333333333333,0.7522333333333333,0.7532166666666666,0.7540666666666667
20,euclidean,0.5,0.1,50,0.9752,0.9753668395647275,0.9750328229587607,0.9841556142225911,0.9666612408450154,0.9669449901768172,0.9837661235573659,0.5403630851708628,0.24919114530900557,0.1764655700821636,0.14215804844618668,0.12085595894970548,0.10554512514510292,0.09512534153002687,0.08731019920166319,0.08141517588223922,0.07605641599623936,0.0725084305710107,0.06833373552528894,0.06538185090531431,0.06237927446362484,0.05982555067679717,0.3343739371349414,0.21250290132562316,0.16796111191684998,0.14223442786761248,0.12265882136843474,0.11100537600709742,0.10475224151586487,0.096156321734578,0.08898036783751252,0.0894852229036623,0.08077557559588841,0.07993576025627161,0.07515702007671154,0.07605992550653169,0.07006843152106734,0.8810393518518519,0.9208414351851852,0.9391724537037036,0.9491180555555555,0.9579293981481481,0.9629398148148148,0.9646099537037037,0.9683298611111112,0.9714421296296296,0.9716122685185185,0.9747824074074074,0.9754375,0.9771643518518519,0.9769074074074074,0.9790902777777777,0.87745,0.9169708333333334,0.9339083333333333,0.9445708333333334,0.9526791666666666,0.9580291666666666,0.9596291666666666,0.9636791666666666,0.9669666666666666,0.9673083333333333,0.970475,0.97095,0.9730624999999999,0.9724916666666666,0.9752041666666666
21,euclidean,0.5,0.3,50,0.9032,0.9026951208002383,0.9035764004409076,0.9040013895910535,0.9041474802585593,0.9023875577973939,0.9040066088393226,0.6369266354000127,0.47735718742344113,0.40888846943334295,0.3738766068901729,0.34880280056595797,0.32959811371413095,0.3125061136053668,0.2965406112482564,0.2818492536659318,0.2685472930787062,0.25678940352700924,0.24643850021236746,0.2383938765901106,0.2316053766292623,0.2258530070196009,0.5382995752394198,0.43718037088712053,0.3962074871212244,0.3662310112044215,0.34424338252097364,0.3268938430969914,0.30808405166119335,0.29861042690277095,0.2835152851877113,0.26695395370448627,0.25426280885996916,0.24728563649393615,0.24033298987895246,0.2328923585110654,0.22684129635492958,0.7394178240740741,0.7998703703703705,0.8227627314814815,0.8388356481481481,0.8511574074074074,0.8599155092592593,0.8695127314814814,0.8744502314814814,0.8816296296296297,0.8893923611111112,0.8950486111111111,0.8990405092592593,0.9016157407407408,0.9053252314814814,0.9078229166666667,0.7331333333333333,0.7944666666666667,0.8173875,0.8326791666666666,0.8454041666666666,0.8533208333333333,0.8643,0.869225,0.8767875,0.8845333333333334,0.8902375,0.8947,0.8972666666666667,0.9012083333333333,0.9032041666666667
22,euclidean,0.5,0.5,50,0.8099333333333333,0.8103068494079939,0.8092177379825239,0.8191914710761854,0.8039354006332788,0.8035681911825299,0.8166034555415087,0.6845574656802195,0.6154669743908776,0.5701646740734577,0.5447913582297387,0.5271425426657553,0.512713365164068,0.4991056486031524,0.4859585751858022,0.47409393272521316,0.4621935453856433,0.4515880136467792,0.4406004828854843,0.4310548746737617,0.4230666960919345,0.4150148541905262,0.64863261338075,0.5905839962263902,0.5553853921393553,0.5347519216537475,0.5175326185623805,0.5073749944766363,0.4918549739768107,0.4814904299477736,0.4704120365381241,0.46038389966388543,0.4476689914315939,0.4373836338073015,0.430930177996556,0.4221611312627792,0.41168419612447416,0.6219918981481481,0.6868101851851852,0.7171261574074074,0.7322881944444445,0.7440983796296297,0.7529108796296297,0.7636967592592593,0.7715057870370371,0.7777951388888888,0.7845393518518519,0.7924097222222223,0.798931712962963,0.8029351851851853,0.8076435185185186,0.8133622685185186,0.6185208333333333,0.6815874999999999,0.7124583333333334,0.7265375,0.739775,0.7468083333333334,0.7586625,0.7657624999999999,0.7729083333333333,0.7796625,0.7885916666666667,0.7953875,0.7987875,0.8039083333333333,0.8100124999999999
23,euclidean,0.5,0.7,50,0.6475000000000001,0.6322193209565541,0.6557859875678499,0.6571429769612224,0.6481540099171093,0.6197898276586801,0.6746468401486988,0.700468842610165,0.6823914051983092,0.6697290077937974,0.6589546939763758,0.650969564669662,0.6442683714374348,0.6391748533061257,0.6350026606740775,0.6311529681737776,0.6277572481201755,0.6243962243431144,0.6210932913433622,0.6180082659787602,0.6147932676396989,0.6118495692522437,0.689470548470815,0.6790845528642336,0.670276425242424,0.6621828775207201,0.6558507534066836,0.6513974539836248,0.6470053294996421,0.646121247669061,0.6414500455856323,0.6388173544605572,0.6338088109791279,0.6326701746781667,0.6308703322410583,0.6264337247014046,0.626101848522822,0.5380081018518518,0.5741956018518518,0.5971944444444444,0.6133368055555555,0.6249097222222222,0.6314479166666668,0.6383645833333333,0.6410671296296296,0.6468587962962963,0.650238425925926,0.6557268518518519,0.6580104166666667,0.660425925925926,0.6652314814814815,0.6651018518518518,0.5311541666666667,0.5641291666666667,0.5866541666666667,0.6006458333333333,0.611525,0.617475,0.6224166666666666,0.6252791666666667,0.6305833333333334,0.6328291666666667,0.6396499999999999,0.6404041666666667,0.642825,0.6473625,0.6474583333333332
24,hyperbolic,0.25,0.1,10,0.9896999999999999,0.9929519298766433,0.9797600412776478,0.9994908042081935,0.9619216569621529,0.9865284974093264,0.9984961163444058,0.4849203831111943,0.11455685444595289,0.056781908153633855,0.05022511472289782,0.04642901612919992,0.04716128074234676,0.04617690504509606,0.046452252590656884,0.045801028542276606,0.04520892031639767,0.04647621556166263,0.04420868489931223,0.04625883665605911,0.0459573638626154,0.04429953071344219,0.23090282360029715,0.05429026698903176,0.04438852181984108,0.037455796076954914,0.04091055015233961,0.03587234935079075,0.033620978250789094,0.03599090717457386,0.035858215211269716,0.03345407775137568,0.03435435442219018,0.03622532372114555,0.040998953468893845,0.035166604474380886,0.03547362484600545,0.9002719907407407,0.9848530092592592,0.9863171296296296,0.9892222222222222,0.9874328703703703,0.9895115740740741,0.9905034722222222,0.9892777777777778,0.989537037037037,0.9900115740740741,0.9898275462962963,0.9894398148148149,0.9876331018518518,0.9895706018518519,0.9895497685185185,0.8980875,0.9845958333333333,0.9862083333333334,0.9894833333333334,0.987375,0.9896041666666666,0.9904458333333334,0.989175,0.9897166666666667,0.9899333333333333,0.9897083333333333,0.9892833333333333,0.9880166666666667,0.9897625,0.9895458333333333
25,hyperbolic,0.25,0.3,10,0.9904666666666666,0.9934661915072832,0.9815200527643916,0.9996065803620514,0.9647779648427428,0.9874040454978429,0.9988785958069234,0.4914517163829533,0.13828566222235178,0.061138912725380856,0.05001490860214642,0.04456259034686131,0.046063763544895796,0.0429269790716417,0.04375826255038282,0.04386184048552398,0.04229328765957266,0.04203893440454565,0.043337625637103944,0.04516488307383321,0.042688106566755896,0.0406005092847044,0.2683937920766572,0.08172230184629245,0.056007733952836085,0.04977161532361055,0.048501236910485454,0.045276446049955316,0.047742665911752996,0.047043676154649154,0.0533787504083787,0.05023542358842674,0.04780441292681883,0.05452673153439532,0.046042513883653206,0.04231583552663987,0.0425220779877854,0.8851701388888888,0.974556712962963,0.9867337962962963,0.988568287037037,0.9888877314814815,0.9904212962962963,0.9893680555555555,0.9897430555555555,0.9876643518518518,0.9882222222222221,0.9886689814814814,0.9872731481481481,0.9900462962962963,0.9914710648148148,0.9913715277777778,0.8828208333333334,0.9739,0.9858875,0.9876333333333334,0.9880416666666666,0.9896375000000001,0.9888083333333333,0.9889,0.9868333333333333,0.9873666666666667,0.988,0.9864666666666667,0.9891375,0.9906,0.9903458333333333
26,hyperbolic,0.25,0.5,10,0.8124333333333333,0.8763520626250842,0.6007336467054618,0.8702639382523061,0.6407499138802137,0.8864419975531086,0.5914589564639415,0.5683370737074702,0.5427172748551324,0.5117723492549525,0.48808558174415867,0.47259783503965097,0.45624000663834585,0.43621588923313,0.4157595727981792,0.39652479969737703,0.38118026103851965,0.3681217774265894,0.3578620554628195,0.34941160456449893,0.34120532056496095,0.33599339614394635,0.5440301689902942,0.5159967531263828,0.48969965118666486,0.46952918392916515,0.4531398060073455,0.4362745025555293,0.4152698472589254,0.39948687541981537,0.3792440238445997,0.36110736055423814,0.3529711813280979,0.34298559411118423,0.33240117209404707,0.3340572431931893,0.32543781283994516,0.7517824074074074,0.752849537037037,0.762380787037037,0.7709467592592593,0.7769224537037036,0.7795462962962962,0.78528125,0.7895405092592592,0.7948900462962963,0.8055648148148148,0.8072476851851852,0.8072118055555556,0.8123194444444445,0.8149085648148148,0.8157002314814814,0.7492249999999999,0.7498458333333333,0.7603791666666666,0.7693541666666667,0.7760458333333333,0.7784333333333334,0.7845833333333334,0.7881791666666668,0.7925666666666668,0.8027541666666667,0.8055833333333333,0.8038875,0.8085458333333333,0.8106875,0.812475
27,hyperbolic,0.25,0.7,10,0.8141666666666667,0.8763011209864691,0.6126546041349504,0.8792506615001644,0.6374726436336607,0.8785172798216276,0.6234818481848184,0.5715546319153574,0.5437132040885864,0.5114128868469485,0.4874367365069963,0.4714143345317355,0.46022589377396633,0.4483046686952864,0.4328957043141127,0.41861822816039673,0.40343954852885666,0.3895370933347278,0.376295820016,0.36473820482773905,0.35513413225417884,0.34793909360413194,0.5620327069461345,0.5305181633234024,0.4985888437827428,0.47957651810844737,0.4661316957821448,0.45316585842271645,0.4431695985098679,0.4285771862665812,0.41071901515126225,0.3982970083852609,0.39031952876845993,0.377727734029293,0.3683088020135959,0.35143375005821387,0.3526290735254685,0.750412037037037,0.7524618055555555,0.7614884259259259,0.7687094907407407,0.7745787037037036,0.7781331018518518,0.7796041666666667,0.7854606481481482,0.7915601851851852,0.7975185185185185,0.7992638888888889,0.8044780092592593,0.8039247685185185,0.8163888888888889,0.8179861111111111,0.7474916666666668,0.7494625,0.7598541666666667,0.7659583333333334,0.7726458333333334,0.7753541666666667,0.7771833333333333,0.7822916666666667,0.7884416666666667,0.7939375,0.7956625,0.8002791666666667,0.7996791666666667,0.81185,0.8141208333333334
28,hyperbolic,0.5,0.1,10,0.9880333333333333,0.9882882285890713,0.9880301210275328,0.9983208256674682,0.9781860655483128,0.9786362163913185,0.998257809818057,0.5632755676861853,0.12141116627909808,0.0524730931450871,0.04395774493182366,0.04285829401044687,0.0396127088750643,0.04276922557518503,0.038101239896161626,0.038120696682137974,0.04230994633359493,0.0396053825687332,0.03728858717413683,0.04023384641291982,0.03998805442072136,0.042733306058863545,0.2531255681402981,0.06364863308480316,0.05866324469272509,0.047867978621196586,0.04932878901491248,0.05180620831522776,0.04670755676692348,0.040766944603839235,0.04007178809703324,0.04820195669886496,0.0530061384211682,0.057338717263221005,0.053222077477257664,0.03916802019051582,0.055504130511078935,0.9034664351851852,0.9861666666666667,0.9875810185185185,0.9911041666666667,0.990644675925926,0.9901863425925925,0.9917337962962963,0.9931643518518519,0.9934745370370371,0.991011574074074,0.9897141203703704,0.9896157407407408,0.9900787037037038,0.9933263888888889,0.9881493055555556,0.9023,0.9858416666666667,0.9874375,0.9912124999999999,0.9906,0.9901833333333333,0.9918291666666667,0.9932708333333333,0.9936916666666666,0.9911583333333333,0.9900208333333332,0.9897583333333333,0.9902333333333334,0.9936,0.9881624999999999
29,hyperbolic,0.5,0.3,10,0.9917333333333332,0.9916564815038431,0.9920328552556551,0.9994458630421694,0.9848075566249325,0.9840909090909091,0.9994554455445546,0.5249295327819332,0.09445643527873925,0.053794894819376354,0.04866004524179471,0.04491808407404456,0.04112591286141343,0.04256793683175321,0.04069373664858367,0.03978694308717748,0.04319995247675274,0.03988107287667307,0.04167925325853324,0.042540239384471115,0.04403928278379474,0.03877290898399785,0.18520027238503095,0.06190809774942071,0.06233143917525493,0.050503011638880664,0.050271342862125756,0.03880591249326239,0.04148912231895758,0.04461489229726911,0.03609134017330746,0.03493030880271297,0.03536330966224579,0.04483182554719189,0.04136804952771243,0.039628764544497194,0.03895974551001559,0.9403159722222223,0.9841145833333333,0.9848645833333334,0.9877719907407407,0.9881412037037037,0.9918969907407408,0.9906296296296296,0.9905729166666667,0.9923090277777777,0.992554398148148,0.992082175925926,0.9901863425925925,0.9878171296296295,0.991587962962963,0.9910509259259259,0.9440083333333333,0.9856499999999999,0.9861541666666667,0.9891249999999999,0.9891333333333333,0.9927125,0.9914166666666666,0.9914958333333334,0.9929875,0.9932125,0.9926291666666667,0.9913624999999999,0.9881916666666667,0.9923875,0.99185
30,hyperbolic,0.5,0.5,10,0.8814,0.8711365824114027,0.8899036495186131,0.9566477775415513,0.8294596338838043,0.8012936070772826,0.9612248294225328,0.6980443396568299,0.6646867137142906,0.6174931126700507,0.5640913520433285,0.5272903722728844,0.49162201489177015,0.454168993352188,0.4239917286441282,0.39835965719487926,0.37966145682086544,0.36479969671920487,0.35162872776665066,0.34474297118048974,0.34239782935022206,0.3368767170105819,0.6830518029133479,0.6412364500264327,0.5851120007137458,0.536965049813191,0.49929924309750395,0.46703197936465346,0.42692247381806375,0.4045534319356084,0.38160101303954913,0.36986406408498684,0.35953360433379805,0.353283669312795,0.34945279591033857,0.33118200370917716,0.33364286268254123,0.5537037037037037,0.6301377314814814,0.6789710648148148,0.7131273148148147,0.7480370370370371,0.7730034722222222,0.8110069444444445,0.8235949074074075,0.846875,0.8600439814814815,0.864537037037037,0.8649606481481482,0.8709652777777778,0.8796527777777778,0.8781898148148148,0.55135,0.6324041666666667,0.6824458333333333,0.7160083333333334,0.7513291666666666,0.7756041666666668,0.8144666666666667,0.8252916666666666,0.8492916666666667,0.8639916666666667,0.8670416666666667,0.8682125,0.8735875,0.8819083333333334,0.8813791666666667
31,hyperbolic,0.5,0.7,10,0.8764333333333333,0.8637922165230321,0.8863211807207929,0.9561310770467805,0.8264069152522951,0.7915632125665062,0.9591496011185131,0.6986807900843797,0.664375505844752,0.617331111845043,0.5812185721601602,0.5510521056734853,0.5172302208818771,0.4725520405093277,0.4367387010744876,0.4075073012706858,0.3908135979258352,0.37660247763329074,0.366289034637588,0.3529243591858281,0.3448381573883471,0.3378454331984674,0.6841227052410443,0.6418963592449825,0.5907735389719407,0.5607782613436381,0.5270497032105923,0.4863925441404184,0.4489714783728123,0.41078600320716696,0.4009738033115864,0.37953522356102865,0.3585617253134648,0.35987352425605057,0.3366304307530324,0.3220797195682923,0.333205197378993,0.5514467592592592,0.6249039351851853,0.6749386574074074,0.6983842592592592,0.7267141203703704,0.7636493055555555,0.7896342592592592,0.8193969907407407,0.8308761574074074,0.8435543981481481,0.8597094907407408,0.8563206018518519,0.8758275462962963,0.8858715277777777,0.8765150462962963,0.5448500000000001,0.6208375,0.6692125,0.6945125,0.7235291666666667,0.7623624999999999,0.7861499999999999,0.8167333333333333,0.8292333333333333,0.842725,0.8588416666666666,0.855625,0.8754708333333333,0.8861291666666666,0.8764666666666667
32,hyperbolic,0.25,0.1,30,0.9990666666666667,0.9992361722652742,0.9977730094947876,0.9999553471757089,0.9956993182807871,0.9985196357745377,0.9998688309558944,0.3943387404798219,0.039694847114392744,0.014294750499273316,0.010238424691528403,0.008829620422921477,0.008175335450651917,0.007655441378733677,0.00695976142884664,0.006983126386464303,0.0071515214633022664,0.005803585620398623,0.005822742272096667,0.006235627505121937,0.004979705829229874,0.005910273470911494,0.09263666360840819,0.017770532677638846,0.011154264575326379,0.012350127447605047,0.010248765421575283,0.008217725051503857,0.005468715146702933,0.013841362377240577,0.004723635366191303,0.00803492253604534,0.00499077635204104,0.00655250119264621,0.00698833645043967,0.0042499496392750065,0.005185447040348617,0.9693784722222223,0.9956944444444444,0.9972766203703703,0.9963969907407407,0.9972592592592593,0.997800925925926,0.998806712962963,0.9956469907407407,0.9988483796296296,0.9979189814814815,0.9989756944444445,0.9981493055555556,0.9983009259259259,0.9991550925925926,0.9988460648148149,0.9686374999999999,0.9954458333333334,0.9968791666666666,0.9963,0.997025,0.9977791666666668,0.9987166666666667,0.9955625,0.9988125,0.9980291666666667,0.9989416666666667,0.9980583333333333,0.9983458333333334,0.9991416666666667,0.9988625
33,hyperbolic,0.25,0.3,30,0.9726,0.9818008340772519,0.9450936990635307,0.9829912929297706,0.9433136938684028,0.9807662452872034,0.9481891348088531,0.5076432701120221,0.2800405901153054,0.20591371647758336,0.17264177996894617,0.15025848202624664,0.13383875859023447,0.12135365842695828,0.11126175309005362,0.10216978220689037,0.09408767530813603,0.08703933253771776,0.08177807955902187,0.07708708613182638,0.07357309732503789,0.06861504514265535,0.36060497714579104,0.23137010550002254,0.19178419200455146,0.16554266632565603,0.1455169913883631,0.1361684108412203,0.11688645584159525,0.10729092191594337,0.10054084646065405,0.09369208672875534,0.08772074849127477,0.07969646216300312,0.08170951040554787,0.07305587347814188,0.07119389673306913,0.8399236111111111,0.9054641203703704,0.9212650462962964,0.931869212962963,0.9411990740740741,0.9449108796296296,0.9540486111111111,0.9584699074074073,0.9616064814814815,0.9650312499999999,0.9674467592592593,0.9706747685185185,0.9704814814814815,0.9743402777777778,0.9755914351851852,0.8370208333333333,0.9016166666666667,0.9168791666666666,0.9277041666666667,0.9371625,0.9406083333333334,0.9496666666666667,0.9538666666666666,0.9573833333333333,0.9612125,0.9642333333333333,0.9674625,0.9672708333333334,0.9720166666666666,0.9726708333333334
34,hyperbolic,0.25,0.5,30,0.8582666666666667,0.9083835239864055,0.6845105571441777,0.8812402726733979,0.7735473922287979,0.937955392402247,0.6200132868294302,0.5604412076219365,0.5177516695255483,0.4794135990242163,0.45437410423766683,0.43447973625141156,0.4167164473627452,0.40063011861564934,0.38620404291566873,0.372688110012699,0.3597144417406784,0.3472177751621714,0.3375733754129873,0.32878587614082627,0.32167528272999657,0.3150313276329802,0.5439968552688758,0.49916904586056865,0.4710706078211466,0.45063886628051597,0.4303716402401526,0.4159872726425528,0.4026650086417794,0.38664517364402606,0.37839105302840464,0.35854722157369057,0.3486490189234415,0.34039064972847694,0.3346770474587878,0.3251756670897205,0.32300607508917645,0.7532407407407408,0.768613425925926,0.7847083333333333,0.7965543981481481,0.806625,0.8137210648148148,0.8205416666666667,0.8285509259259259,0.8324884259259259,0.8428518518518519,0.8479502314814815,0.8526030092592592,0.8556655092592592,0.8612685185185185,0.8622106481481481,0.7492,0.7631374999999999,0.7800166666666667,0.7922208333333334,0.803225,0.8104708333333334,0.8164791666666668,0.82495,0.8288208333333333,0.8393458333333333,0.8436875,0.8483833333333333,0.8520666666666667,0.8570666666666666,0.8581916666666667
35,hyperbolic,0.25,0.7,30,0.7778333333333334,0.8651375281695429,0.36095699221542626,0.7982383376753432,0.6177617365876293,0.945205328027414,0.2652615540883697,0.5735878245742233,0.5554938145423377,0.54421278168537,0.5330430688747653,0.5236723019850474,0.5156787289805986,0.5091357473444056,0.5033169735487965,0.49767707840601605,0.49243795095052983,0.48776048238354697,0.4829096431114055,0.4781216108975587,0.47345174545325613,0.4689534292601876,0.5616225911180178,0.5531548880835374,0.5423923085729281,0.5347704080541928,0.526436220874389,0.5204340285609166,0.5150790279656648,0.5095814568648735,0.5048510196308295,0.5026000958482425,0.49426940494775773,0.48932793637613453,0.4854554090599219,0.48282930487891035,0.47687999417384463,0.7503148148148148,0.7503518518518518,0.7511226851851852,0.7531516203703704,0.7569085648148148,0.7599710648148148,0.7623668981481482,0.7656793981481481,0.767525462962963,0.7687418981481482,0.7724409722222222,0.7749525462962963,0.7770706018518518,0.7774027777777778,0.7805949074074073,0.7538625,0.7537708333333334,0.7544041666666667,0.7552625000000001,0.758675,0.7605333333333333,0.7627875,0.7654791666666667,0.7668416666666666,0.767825,0.7707625,0.7729750000000001,0.774925,0.7757000000000001,0.7778541666666666
36,hyperbolic,0.5,0.1,30,0.9989666666666667,0.9987559649386923,0.9987355226590366,0.9998273561611529,0.9976544113468009,0.9976909120897246,0.9998231430015159,0.40552146846463866,0.026377499479700164,0.012292517988147546,0.01029211562850477,0.00842887711710953,0.008789528911478366,0.007492115835705511,0.007297372068718239,0.00666649709768585,0.006969716012787186,0.0058525437827882335,0.00588749450745101,0.005521796689970216,0.005783046573771254,0.005504508692814799,0.058758181239245415,0.018972684711237232,0.023434361375305593,0.011043675904821878,0.009110435014192822,0.010143958451366971,0.006905871379858533,0.011349445185206855,0.009460809274993704,0.005359068368968971,0.0119353076668873,0.013192756536712555,0.009683225501469333,0.009687738921454444,0.006730100532882063,0.9851342592592593,0.9968576388888889,0.9930555555555556,0.998175925925926,0.9985752314814814,0.9985729166666667,0.9992465277777778,0.9981319444444445,0.9984594907407407,0.9992650462962963,0.9979675925925926,0.9978067129629629,0.9984513888888888,0.9982627314814815,0.9990868055555555,0.9840416666666666,0.9962541666666667,0.992675,0.9976208333333333,0.9981083333333333,0.9981833333333333,0.9988041666666666,0.9975458333333334,0.9980333333333333,0.9989041666666666,0.9974541666666668,0.9973500000000001,0.9981541666666668,0.9978583333333333,0.9987458333333333
37,hyperbolic,0.5,0.3,30,0.9746,0.9748184439387592,0.9743460957012405,0.9810942677761798,0.9697354335651873,0.9693704901716844,0.9799045465963325,0.5670321578143371,0.29410177505582014,0.220487076430409,0.18063472695876323,0.1555839412158562,0.13786945775271978,0.12446207343555844,0.11332925012879311,0.10410959428729898,0.09759193486938492,0.09032052951005146,0.0840526687071391,0.08003443795684463,0.07524287085623597,0.0710754336028023,0.36403635403513906,0.25523093728100255,0.2051938326967259,0.17101409498974676,0.15207685920409855,0.1415677296550323,0.12698225385804346,0.11286431983175373,0.11280345476488579,0.09725885452834575,0.09314197905726415,0.08285762983925324,0.08532955814079222,0.07414221806502122,0.07505612199264573,0.8443981481481482,0.8951018518518519,0.9182152777777778,0.934613425925926,0.944380787037037,0.9487199074074073,0.9542222222222222,0.9612812500000001,0.9612812500000001,0.9677581018518518,0.9695729166666667,0.973869212962963,0.9728680555555556,0.9769212962962963,0.9769756944444444,0.8414750000000001,0.8917,0.9150666666666666,0.93165,0.9411416666666667,0.9458708333333333,0.9511166666666667,0.9584291666666667,0.9584041666666666,0.964525,0.9662541666666667,0.9710666666666667,0.9701333333333333,0.9738375,0.9746125
38,hyperbolic,0.5,0.5,30,0.8394999999999999,0.8393995036010149,0.8393396334138797,0.8427372723483847,0.8385709447545869,0.8375383594592354,0.8414971112785732,0.6890119894080692,0.6251985074579716,0.5749200891587469,0.5420661560418429,0.5145285440948275,0.4887352787532188,0.46502205384163947,0.4440694591852801,0.42443800612207916,0.4092823294724027,0.3987248842048424,0.39040205708311665,0.38322686692934343,0.37778260367998373,0.3727819970661291,0.6574255453745524,0.5925898962616921,0.5507392128209273,0.5214986360669136,0.49638297594090297,0.47073590798676007,0.44821598429977894,0.4278523329397042,0.41098618117471536,0.3974753784611821,0.38647927790383496,0.3779481478134791,0.37568606184422965,0.3694172450105349,0.3609248196110129,0.6052233796296296,0.6817627314814815,0.7172233796296297,0.738724537037037,0.7556909722222223,0.7713865740740741,0.7852268518518518,0.7969930555555556,0.8071585648148148,0.8158611111111111,0.8222407407407407,0.8272638888888888,0.8289918981481481,0.8325370370370371,0.8381296296296296,0.6016833333333333,0.67825,0.7139916666666667,0.7356125,0.7528208333333333,0.7693958333333334,0.7842125000000001,0.7969541666666667,0.8080791666666667,0.8176125,0.8238749999999999,0.8291000000000001,0.8305,0.8335583333333333,0.8395083333333333
39,hyperbolic,0.5,0.7,30,0.7026,0.6969950182152931,0.7059227986837784,0.6990831430967127,0.7107766431859563,0.6994836634501439,0.7055391432791729,0.701004180351893,0.6810976654489835,0.6636376269503876,0.6493459697641709,0.6384305946815896,0.6288059363508666,0.6192542904063508,0.6098298477309722,0.6012871477427306,0.5934584517202995,0.5856977347477719,0.5781024340523614,0.5704985486578058,0.5640126098913175,0.5584175166266936,0.6894595079024632,0.6774763742884,0.6639045920173328,0.6555384682218234,0.6461975986361504,0.6375351058046023,0.6283879447281361,0.6223481415510178,0.6119392164250215,0.6055697404742241,0.5939993782142798,0.5888342937131722,0.5818844782809417,0.575136180828015,0.5688144584099452,0.5386168981481482,0.5820578703703704,0.6133240740740741,0.6291238425925926,0.6428877314814815,0.6519953703703704,0.6635474537037037,0.6699722222222222,0.6801099537037038,0.6862581018518519,0.6949988425925926,0.7000694444444445,0.7048101851851851,0.7108726851851852,0.715488425925926,0.5322208333333334,0.5711916666666668,0.6013125,0.6155458333333333,0.6274291666666667,0.6358458333333333,0.6468583333333334,0.6553416666666667,0.6650541666666666,0.6722,0.6805458333333333,0.6846958333333333,0.6912083333333333,0.6972333333333334,0.7025583333333334
40,hyperbolic,0.25,0.1,50,0.9807333333333333,0.9870939082393325,0.9614700394742272,0.986089920963735,0.9650784977558149,0.9881628787878788,0.9584160052910052,0.44160097284145927,0.18214636619433894,0.12938261977888432,0.1050571221786344,0.09055125858418692,0.07998709043217991,0.07269070501271115,0.06621971676556207,0.060635643725466655,0.056553138417066724,0.05278612800250989,0.04905189712967663,0.04650783903879233,0.044350177190985475,0.0421422028101396,0.23048267622105775,0.14356077772378917,0.11268164479123269,0.09556112112201902,0.08915098748030137,0.07868752212612885,0.06891627166843192,0.06644147966026014,0.06211620172237352,0.05651194582031647,0.051869392363063475,0.04654492101172214,0.04746579174641128,0.045791902664292096,0.041978631437930694,0.904574074074074,0.9431527777777777,0.9556666666666668,0.9624305555555555,0.966230324074074,0.9704548611111111,0.9748958333333333,0.9757662037037037,0.977900462962963,0.9796203703703703,0.9818113425925926,0.9843622685185185,0.9839143518518518,0.98415625,0.9858900462962963,0.9014333333333333,0.9384708333333334,0.9508,0.9573583333333333,0.9612583333333333,0.9653708333333333,0.9692791666666667,0.9700791666666666,0.9724625,0.9741583333333333,0.9762041666666667,0.9790208333333333,0.9783958333333334,0.9790416666666667,0.9806666666666666
41,hyperbolic,0.25,0.3,50,0.9365333333333333,0.9580026925241919,0.8684470757375348,0.9529500678316236,0.8869975835960869,0.9635078969243558,0.8541729638958858,0.5273749842141514,0.38298851921078225,0.31707672121306807,0.28517053130862335,0.2624908988975264,0.243993010515899,0.22877110161742673,0.21495377281804876,0.20184661698658704,0.19082319383574992,0.18061844161832358,0.17148559384843054,0.16339718389107533,0.15632911312935388,0.15024572620021726,0.4559077292978763,0.35519593541572486,0.31817346475273367,0.28916225614150365,0.27452652924073234,0.25453002641474204,0.2446910806788752,0.2264721346820394,0.21779769778624172,0.20619337408182517,0.1890646015234912,0.18038015830547854,0.17267685240445033,0.16588502030695473,0.15767381873633707,0.7946342592592593,0.8516921296296296,0.8716400462962962,0.8869606481481481,0.8943078703703704,0.9032974537037037,0.9076597222222222,0.9152777777777777,0.9186701388888889,0.9231689814814815,0.9300810185185184,0.9334016203703703,0.9369907407407407,0.9395393518518519,0.9432256944444445,0.7907,0.8467,0.8647083333333333,0.87905,0.8863208333333332,0.8959291666666667,0.9002916666666666,0.9070333333333332,0.9109875,0.9166500000000001,0.9231541666666666,0.9265416666666667,0.9297208333333333,0.9323625,0.9363791666666667
42,hyperbolic,0.25,0.5,50,0.8602000000000001,0.9104953308379087,0.6792574736163741,0.8814108450420567,0.775127723130103,0.9421326254078867,0.6099510052373712,0.563286254911511,0.5110630826839694,0.470523871930661,0.4466796383934992,0.4300176388397813,0.4168969665506372,0.40532139753522695,0.39402215253920464,0.3838027440825546,0.372951047418846,0.36246054445096737,0.3513357797058092,0.34037556567719135,0.33110970951671953,0.32313205095201175,0.5410673030018807,0.490290803382794,0.4618945817649364,0.4428228403230508,0.42982100106279053,0.4200586234927177,0.4116042775660753,0.4005055973281463,0.38639556414385634,0.3765379080250859,0.3691385485952099,0.36074908581127724,0.3504963044176499,0.3363312513915201,0.3275137946245571,0.7506921296296297,0.7718125,0.7882164351851852,0.8005729166666666,0.8079560185185186,0.8137916666666667,0.8190879629629629,0.8255983796296297,0.8338125000000001,0.8386377314814815,0.8426435185185185,0.8474189814814815,0.8527418981481482,0.8596307870370371,0.8639745370370371,0.7540416666666666,0.7727375,0.7892208333333334,0.7991833333333334,0.8071666666666667,0.8121541666666666,0.8171833333333333,0.8228916666666667,0.8300875,0.8350333333333334,0.8396916666666667,0.8436791666666666,0.8491541666666667,0.8557583333333334,0.8602083333333332
43,hyperbolic,0.25,0.7,50,0.7564333333333334,0.8552629442930857,0.22602665785023654,0.7685109607901699,0.5897012768946691,0.9645445915005305,0.14495322501230917,0.5728681053359199,0.553943461275763,0.5455722356554535,0.5373249619139565,0.5303960274524159,0.5247529544979334,0.5200856645946149,0.5161433634459972,0.5126982805055601,0.5097913285709089,0.5070916653772195,0.5048573097536961,0.5023894091816964,0.5003085975635935,0.49833314307585913,0.54821995267272,0.5420236340761184,0.5337747491598129,0.5270941065748532,0.5220590081413586,0.5182473834852377,0.5139599355061849,0.5123308757940929,0.5091556016604105,0.5072686858127514,0.5045998056232929,0.502923539340496,0.5004325354844331,0.4999688981672128,0.4991295829812685,0.7527025462962963,0.7528113425925925,0.7529027777777777,0.7539270833333334,0.7553136574074074,0.7572384259259259,0.7583321759259259,0.7599548611111111,0.7616041666666666,0.7626006944444444,0.7641412037037036,0.7650787037037037,0.7667719907407408,0.7668969907407407,0.7680810185185185,0.7460791666666666,0.7461541666666667,0.7460666666666668,0.74695,0.7475375,0.7488458333333334,0.7497875,0.7506166666666666,0.7514000000000001,0.7525666666666667,0.7534166666666666,0.7545333333333333,0.7552916666666667,0.7557583333333333,0.7564708333333333
44,hyperbolic,0.5,0.1,50,0.9801666666666667,0.9804227689853906,0.9798288103526164,0.9832771998479118,0.9773318193022676,0.9777914210870989,0.982561099796334,0.469382234652975,0.18892477713266592,0.1399866482459215,0.11477103412851979,0.09894398998514814,0.08786945592818553,0.07964334690600793,0.07274448382910077,0.06790892777985165,0.06348538895430368,0.05974565443560839,0.05643348504585659,0.05332795155395564,0.05073525327167047,0.04862270605194171,0.2478085136978576,0.16712436052535967,0.13876866370191174,0.12075296363762265,0.10671752140760261,0.10148395624853822,0.09076471567146166,0.08091409435146484,0.07763817445437109,0.07537598960534277,0.07112256259628334,0.06318682629461783,0.06331806515878993,0.06342484974996959,0.058751850802955786,0.9033252314814815,0.938800925925926,0.9519768518518518,0.9599039351851851,0.9651689814814814,0.9674583333333333,0.9711770833333334,0.9760324074074074,0.9773819444444444,0.9778460648148148,0.9798993055555556,0.9827777777777779,0.9826944444444444,0.9828541666666667,0.9841875000000001,0.8996416666666668,0.934225,0.9477625,0.955,0.96055,0.96265,0.9669666666666666,0.9717125000000001,0.9731708333333333,0.974,0.9756541666666667,0.9788208333333334,0.97895,0.9790166666666666,0.9801333333333333
45,hyperbolic,0.5,0.3,50,0.9316666666666666,0.9310619697208898,0.9323844359299637,0.932433349591798,0.9321527905962486,0.9302900378310214,0.9331928954977282,0.6186695093208993,0.42715285590153046,0.3619467608343672,0.3271548325060694,0.2992118886660922,0.27382426495394774,0.252191046224976,0.23424736100614618,0.21838958212091686,0.20582795829719133,0.1953405678423673,0.18666338541393201,0.18001625644567384,0.1745680935585664,0.17023576577166435,0.48853202245632804,0.385552703137199,0.34843073804179825,0.3141219153056542,0.28692175674190123,0.2648349076521893,0.2538412816387911,0.22989574538295462,0.2123145564558605,0.2035745450817048,0.19786535666013755,0.1918034198004752,0.183559385494329,0.176945354230081,0.16833603209024292,0.7666655092592592,0.8302650462962963,0.8503831018518518,0.867787037037037,0.8819861111111111,0.8918831018518518,0.8977453703703703,0.9082106481481482,0.9150833333333334,0.9204444444444444,0.9225474537037037,0.9251377314814815,0.9288460648148148,0.9324386574074075,0.9361030092592593,0.7632708333333333,0.8254625,0.8451916666666667,0.8615125,0.8759374999999999,0.8867208333333333,0.8926125,0.9033541666666667,0.9100916666666666,0.9165625,0.9179583333333333,0.9209333333333334,0.9240291666666667,0.9282458333333333,0.9317541666666667
46,hyperbolic,0.5,0.5,50,0.827,0.828663503699827,0.8250628739445668,0.8297302373511302,0.8271812023741401,0.8293448702101359,0.8247366203118415,0.6795827060650895,0.5991983369511586,0.5520461048218939,0.5250609943474884,0.5062557377671754,0.48954465429540034,0.47408414689092726,0.4599540061696812,0.44682273092479613,0.4340288962892912,0.4221458901503572,0.4115813210959788,0.4011232740793515,0.3915740822308041,0.3842842241150361,0.6344660046001276,0.5730645782550176,0.5367639137804509,0.5166467814743518,0.504684989074866,0.48456380874415234,0.4694018107404311,0.4536939680924018,0.44461725124220053,0.4334017062882582,0.4189515077273051,0.40648389709740873,0.4025293195222815,0.389575291407605,0.38268748759726684,0.6386851851851851,0.7022847222222222,0.7327372685185185,0.7475,0.755894675925926,0.7698969907407407,0.7791817129629629,0.7885960648148148,0.7941874999999999,0.8011805555555556,0.8096018518518519,0.8176562500000001,0.8204502314814816,0.8278692129629629,0.8305891203703705,0.6347583333333333,0.697825,0.7282625,0.7428833333333333,0.7507666666666667,0.7647375000000001,0.7747499999999999,0.784675,0.7907,0.7971874999999999,0.8054,0.8132416666666666,0.8164958333333333,0.8250083333333333,0.8270666666666667
47,hyperbolic,0.5,0.7,50,0.6579666666666667,0.6548641085972697,0.6576433435413792,0.6571418533404231,0.6648551126622328,0.6591845313156789,0.6566707971912432,0.6999755236815522,0.6826916814313994,0.669516724175877,0.6581389692536106,0.6492571308966036,0.6423611508144272,0.6367715449377342,0.6319404535260466,0.6280084896551238,0.6240041057346044,0.6201580952604612,0.6160563345838476,0.6120597019924058,0.6076467577781942,0.6033198302785556,0.6893168010115623,0.6782573219935099,0.6683108029961585,0.6621855290929477,0.6564914853274822,0.6528919649422169,0.6459017424881458,0.6440724659363429,0.6399940212269625,0.6374337992370128,0.633436744282643,0.6288057428002357,0.6266730850239595,0.6219147812922795,0.6180122646689414,0.5371423611111111,0.5779606481481481,0.600068287037037,0.6152638888888888,0.6259722222222222,0.6328217592592593,0.6412719907407407,0.6448078703703704,0.6509988425925926,0.654445601851852,0.6599537037037037,0.6644895833333333,0.6676898148148148,0.6728055555555555,0.676949074074074,0.5299708333333333,0.5674958333333334,0.5886625,0.601125,0.6111958333333334,0.6181458333333333,0.6268166666666667,0.629,0.6337833333333334,0.6380125,0.6413416666666667,0.6465958333333333,0.6506541666666668,0.6558208333333333,0.6579166666666667
